x,y,theta,velocity
-68.856639,53.882763,-2.872231,
-69.053711,53.854195,-3.132097,
-69.253709,53.853783,3.141593,
-69.453709,53.853783,3.141593,
-69.653709,53.853783,3.141593,
-69.853709,53.853783,3.141593,
-70.053689,53.852886,-3.092845,
-70.250627,53.820733,-3.057636,
-70.450044,53.805524,-3.070504,
-70.649812,53.796158,-3.107881,
-70.849806,53.795823,3.141593,
-71.046643,53.765307,-3.021575,
-71.245949,53.748724,-3.059313,
-71.444894,53.729867,-2.869325,
-71.642013,53.699274,-3.049620,
-71.841266,53.682018,-3.015547,
-72.037889,53.648086,-3.039637,
-72.236700,53.626767,-2.987152,
-72.433211,53.590607,-3.045218,
-72.632287,53.571397,-3.043807,
-72.829022,53.538030,-2.993972,
-73.027965,53.517893,-3.055275,
-73.225351,53.488665,-2.907028,
-73.423510,53.463323,-3.033824,
-73.621020,53.433102,-2.861848,
-73.819151,53.409417,-3.053477,
-74.018145,53.389590,-2.976767,
-74.214880,53.356469,-3.064523,
-74.414326,53.341600,-3.086471,
-74.614034,53.330795,-3.088942,
-74.811690,53.303581,-3.108298,
-75.011621,53.301513,-3.065712,
-75.208333,53.269128,-2.904613,
-75.396286,53.201521,-2.767668,
-75.583547,53.131628,-2.709940,
-75.745725,53.017650,-2.356194,
-75.872577,52.863717,-2.262000,
-75.985521,52.699070,-1.999630,
-76.045314,52.508720,-1.794675,
-76.089376,52.313959,-1.869853,
-76.087172,52.116687,-1.296890,
-76.063419,51.918836,-1.343453,
-76.002394,51.729257,-1.076552,
-75.920944,51.546875,-1.177734,
-75.813104,51.378723,-0.992075,
-75.698004,51.215406,-0.879216,
-75.567435,51.063927,-0.845870,
-75.443595,50.907217,-0.855748,
-75.302631,50.765355,-0.785398,
-75.161210,50.623934,-0.785398,
-75.019789,50.482512,-0.785398,
-74.881952,50.337701,-0.858317,
-74.751651,50.186080,-0.820835,
-74.610579,50.044322,-0.785398,
-74.469157,49.902901,-0.785398,
-74.327736,49.761479,-0.785398,
-74.186314,49.620058,-0.785398,
-74.044893,49.478637,-0.785398,
-73.903472,49.337215,-0.785398,
-73.762050,49.195794,-0.785398,
-73.619054,49.056004,-0.714341,
-73.466608,48.926614,-0.748195,
-73.323852,48.786575,-0.785398,
-73.182430,48.645154,-0.785398,
-73.041009,48.503732,-0.785398,
-72.899587,48.362311,-0.785398,
-72.758166,48.220890,-0.785398,
-72.616745,48.079468,-0.785398,
-72.475323,47.938047,-0.785398,
-72.333902,47.796626,-0.785398,
-72.192481,47.655204,-0.785398,
-72.051059,47.513783,-0.785398,
-71.909638,47.372362,-0.785398,
-71.768217,47.230940,-0.785398,
-71.626795,47.089519,-0.785398,
-71.485374,46.948098,-0.785398,
-71.343953,46.806676,-0.785398,
-71.202531,46.665255,-0.785398,
-71.061110,46.523833,-0.785398,
-70.919689,46.382412,-0.785398,
-70.778267,46.240991,-0.785398,
-70.641297,46.095373,-0.858317,
-70.510478,45.944222,-0.785398,
-70.369057,45.802801,-0.785398,
-70.230564,45.658542,-0.824895,
-70.096284,45.510327,-0.836136,
-69.959604,45.364367,-0.785398,
-69.818182,45.222946,-0.785398,
-69.676761,45.081525,-0.785398,
-69.535340,44.940103,-0.785398,
-69.393918,44.798682,-0.785398,
-69.252497,44.657260,-0.785398,
-69.111075,44.515839,-0.785398,
-68.969654,44.374418,-0.785398,
-68.828233,44.232996,-0.785398,
-68.686811,44.091575,-0.785398,
-68.545390,43.950154,-0.785398,
-68.404351,43.808358,-0.805157,
-68.272928,43.657709,-0.878029,
-68.142684,43.505944,-0.849257,
-68.009041,43.357162,-0.823702,
-67.868291,43.215094,-0.785398,
-67.726869,43.073673,-0.785398,
-67.585448,42.932252,-0.785398,
-67.444027,42.790830,-0.785398,
-67.302605,42.649409,-0.785398,
-67.161184,42.507988,-0.785398,
-67.019763,42.366566,-0.785398,
-66.878341,42.225145,-0.785398,
-66.736920,42.083724,-0.785398,
-66.595499,41.942302,-0.785398,
-66.454077,41.800881,-0.785398,
-66.315395,41.656835,-0.868218,
-66.186377,41.504036,-0.856928,
-66.053063,41.354949,-0.838589,
-65.918317,41.207160,-0.785398,
-65.776895,41.065739,-0.785398,
-65.635474,40.924317,-0.785398,
-65.494052,40.782896,-0.785398,
-65.352631,40.641475,-0.785398,
-65.211210,40.500053,-0.785398,
-65.069788,40.358632,-0.785398,
-64.928367,40.217211,-0.785398,
-64.786946,40.075789,-0.785398,
-64.645524,39.934368,-0.785398,
-64.508452,39.788850,-0.870721,
-64.382058,39.633876,-0.898635,
-64.251079,39.482944,-0.793391,
-64.110150,39.341033,-0.785398,
-63.968728,39.199612,-0.785398,
-63.827307,39.058191,-0.785398,
-63.690636,38.912187,-0.848693,
-63.560100,38.760682,-0.874894,
-63.433398,38.606378,-0.788692,
-63.295555,38.461507,-0.829525,
-63.162438,38.312253,-0.857362,
-63.038939,38.155216,-0.867285,
-62.905163,38.006557,-0.857836,
-62.778217,37.852104,-0.933416,
-62.649834,37.699030,-0.839370,
-62.520294,37.546679,-0.883845,
-62.396921,37.389427,-0.860823,
-62.270467,37.234517,-0.907107,
-62.151559,37.073728,-0.904894,
-62.031560,36.913812,-0.922631,
-61.909621,36.755311,-0.954075,
-61.794173,36.591996,-0.955439,
-61.680954,36.427140,-0.949791,
-61.564022,36.264921,-0.976246,
-61.451938,36.099280,-0.985102,
-61.341512,35.932531,-1.019003,
-61.238075,35.761365,-1.040650,
-61.126543,35.595361,-0.976478,
-61.015128,35.429273,-0.989703,
-60.904980,35.262339,-0.992276,
-60.797644,35.093586,-1.012539,
-60.690474,34.924733,-1.007648,
-60.577175,34.759961,-0.953098,
-60.462059,34.596416,-0.964032,
-60.346070,34.433536,-0.942407,
-60.232303,34.269076,-0.960744,
-60.117263,34.105474,-0.962989,
-60.003688,33.940866,-0.949610,
-59.885856,33.779335,-0.970746,
-59.776057,33.612171,-0.992769,
-59.665347,33.445620,-0.977606,
-59.553769,33.279641,-0.988514,
-59.449898,33.108765,-1.036516,
-59.345731,32.938075,-1.047106,
-59.247535,32.763857,-1.083173,
-59.150823,32.588923,-0.975972,
-59.049304,32.416726,-1.065163,
-58.955505,32.240110,-1.085913,
-58.866154,32.061255,-1.079736,
-58.775021,31.883241,-1.115566,
-58.686576,31.703862,-1.108852,
-58.595744,31.525683,-1.090034,
-58.509475,31.345256,-1.128703,
-58.428393,31.162446,-1.172510,
-58.352736,30.977471,-1.135670,
-58.265476,30.797560,-1.124028,
-58.181970,30.615841,-1.134731,
-58.101525,30.432845,-1.225259,
-58.017713,30.251436,-1.092261,
-57.927993,30.072719,-1.130709,
-57.844951,29.890805,-1.168056,
-57.772153,29.704623,-1.160879,
-57.683953,29.525245,-1.128873,
-57.598265,29.344535,-1.151617,
-57.515837,29.162315,-1.140352,
-57.438686,28.977968,-1.130736,
-57.349388,28.799035,-1.124290,
-57.265257,28.617615,-1.159579,
-57.184753,28.434559,-1.248577,
-57.105337,28.251327,-1.087500,
-57.016126,28.072367,-1.128331,
-56.932352,27.890774,-1.155718,
-56.849850,27.708587,-1.146551,
-56.770301,27.525382,-1.099873,
-56.682230,27.345852,-1.131265,
-56.600331,27.163415,-1.140167,
-56.525274,26.978233,-1.152675,
-56.437009,26.798831,-1.090024,
-56.347744,26.619879,-1.120712,
-56.264880,26.437864,-1.150521,
-56.187631,26.253525,-1.185825,
-56.101080,26.073329,-1.097113,
-56.013100,25.893756,-1.146233,
-55.930495,25.711634,-1.160019,
-55.855911,25.526173,-1.167996,
-55.768209,25.346481,-1.099965,
-55.681269,25.166384,-1.142385,
-55.601960,24.982807,-1.185204,
-55.522376,24.799607,-1.096318,
-55.433179,24.620609,-1.125109,
-55.347087,24.440125,-1.126872,
-55.265400,24.257583,-1.157219,
-55.188953,24.072942,-1.100591,
-55.100317,23.893670,-1.118819,
-55.014824,23.712873,-1.144923,
-54.932562,23.530587,-1.189138,
-54.853766,23.346906,-1.121523,
-54.765131,23.167640,-1.096299,
-54.680693,22.986384,-1.154058,
-54.597057,22.804720,-1.152924,
-54.520324,22.620116,-1.137505,
-54.432137,22.440633,-1.097338,
-54.341511,22.262358,-1.124267,
-54.257385,22.080936,-1.165818,
-54.183622,21.895116,-1.230142,
-54.097600,21.714712,-1.091223,
-54.007849,21.536004,-1.119188,
-53.919462,21.356606,-1.119214,
-53.836076,21.174843,-1.159216,
-53.761327,20.989419,-1.138556,
-53.672782,20.810099,-1.102404,
-53.584556,20.630641,-1.139637,
-53.494647,20.452033,-1.117406,
-53.405992,20.272770,-1.124686,
-53.321735,20.091402,-1.147161,
-53.241513,19.908233,-1.249196,
-53.159639,19.726036,-1.102294,
-53.070518,19.547002,-1.127737,
-52.981440,19.367979,-1.092508,
-52.892660,19.188787,-1.120493,
-52.803317,19.009869,-1.111256,
-52.712925,18.831465,-1.099674,
-52.623102,18.652775,-1.103481,
-52.535126,18.473192,-1.086129,
-52.445013,18.294680,-1.119367,
-52.356624,18.115288,-1.125868,
-52.266780,17.936616,-1.093020,
-52.175905,17.758456,-1.103521,
-52.086789,17.579417,-1.126319,
-51.997533,17.400480,-1.091298,
-51.908834,17.221249,-1.122426,
-51.819597,17.042280,-1.095324,
-51.729149,16.863904,-1.099481,
-51.639411,16.685171,-1.104273,
-51.551107,16.505745,-1.132814,
-51.461112,16.327176,-1.121339,
-51.372884,16.147706,-1.126781,
-51.280491,15.970476,-0.998719,
-51.176756,15.799602,-1.051602,
-51.081063,15.624005,-1.075627,
-50.991452,15.445243,-1.124198,
-50.902854,15.265958,-1.093393,
-50.812166,15.087705,-1.099945,
-50.721740,14.909321,-1.085066,
-50.619883,14.737307,-1.061892,
-50.523989,14.561813,-1.087195,
-50.432538,14.383979,-1.104244,
-50.341430,14.205939,-1.102493,
-50.240742,14.033317,-1.064582,
-50.144083,13.858228,-1.093639,
-50.052547,13.680432,-1.128104,
-49.961568,13.502335,-1.097025,
-49.863973,13.327955,-0.982417,
-49.763792,13.154954,-1.063945,
-49.671198,12.977695,-1.085969,
-49.582226,12.798603,-1.095765,
-49.479278,12.627360,-1.052268,
-49.381860,12.452719,-1.085076,
-49.290509,12.274848,-1.121272,
-49.199837,12.096644,-0.982029,
-49.096286,11.925684,-1.063894,
-49.000686,11.750022,-1.072205,
-48.900862,11.576813,-1.052515,
-48.803316,11.402224,-1.052224,
-48.699683,11.231268,-0.999544,
-48.598688,11.058683,-1.049024,
-48.494716,10.887881,-1.036532,
-48.394230,10.714975,-1.008055,
-48.288736,10.545144,-1.017672,
-48.182182,10.375898,-1.009660,
-48.075120,10.206979,-0.975972,
-47.962966,10.041385,-0.975129,
-47.852840,9.874437,-0.989014,
-47.742325,9.707746,-0.982761,
-47.630846,9.541697,-0.976941,
-47.519696,9.375430,-0.977890,
-47.407551,9.209835,-0.960744,
-47.292574,9.046189,-0.964060,
-47.179343,8.881344,-0.938426,
-47.063487,8.718355,-0.985934,
-46.949540,8.554021,-0.933065,
-46.830068,8.393629,-0.935604,
-46.716483,8.229040,-0.961048,
-46.599357,8.066958,-0.927358,
-46.482224,7.904891,-0.976401,
-46.368223,7.740583,-0.935529,
-46.248994,7.580009,-0.935088,
-46.135077,7.415648,-0.960744,
-46.017832,7.253649,-0.927945,
-45.900898,7.091440,-0.975534,
-45.786702,6.927268,-0.932684,
-45.667438,6.766720,-0.938174,
-45.553766,6.602190,-0.960744,
-45.436181,6.440435,-0.927945,
-45.319553,6.278011,-0.975534,
-45.205200,6.113949,-0.929844,
-45.085872,5.953451,-0.941263,
-44.972461,5.788741,-0.960744,
-44.854437,5.627306,-0.926227,
-44.738258,5.464573,-0.975095,
-44.623732,5.300633,-0.927452,
-44.504572,5.140014,-0.947042,
-44.391583,4.975019,-0.955932,
-44.274278,4.813047,-0.938519,
-44.158630,4.649938,-0.975972,
-44.043767,4.486231,-0.930581,
-43.925111,4.325235,-0.948548,
-43.812028,4.160324,-0.955092,
-43.693547,3.999212,-0.936243,
-43.578092,3.835984,-0.975972,
-43.462993,3.672449,-0.926120,
-43.343693,3.511930,-0.947499,
-43.230902,3.346817,-0.961680,
-43.111361,3.186495,-0.925557,
-42.996310,3.022984,-0.981273,
-42.881242,2.859459,-0.918549,
-42.761403,2.699357,-0.949625,
-42.649645,2.533524,-0.968020,
-42.530035,2.373257,-0.924111,
-42.414659,2.209970,-0.983388,
-42.299931,2.046219,-0.918549,
-42.180121,1.886098,-0.952731,
-42.068339,1.720274,-0.973590,
-41.952860,1.556985,-0.959091,
-41.837026,1.393975,-0.913248,
-41.720035,1.231827,-0.952081,
-41.605098,1.068157,-0.968413,
-41.489422,0.905012,-0.949865,
-41.376689,0.739852,-0.955161,
-41.258295,0.578675,-0.937802,
-41.143198,0.415198,-0.976381,
-41.028669,0.251250,-0.952573,
-40.913924,0.087446,-0.975779,
-40.797238,-0.074943,-0.941747,
-40.683824,-0.239656,-0.960744,
-40.565956,-0.401207,-0.927945,
-40.449659,-0.563863,-0.979741,
-40.337689,-0.729582,-0.980560,
-40.224318,-0.894327,-0.937239,
-40.105041,-1.054863,-0.933679,
-39.991310,-1.219350,-0.959328,
-39.876499,-1.383110,-0.965125,
-39.763790,-1.548318,-0.935341,
-39.646684,-1.710406,-1.000228,
-39.533207,-1.875052,-0.938562,
-39.412846,-2.034767,-0.955992,
-39.300447,-2.200171,-0.967971,
-39.181994,-2.361261,-0.904894,
-39.062420,-2.521504,-0.922250,
-38.941344,-2.680643,-0.955729,
-38.820355,-2.839861,-0.906106,
-38.702245,-3.001204,-0.930534,
-38.581221,-3.160374,-0.955295,
-38.461012,-3.320178,-0.923387,
-38.343111,-3.481702,-0.916042,
-38.223613,-3.642037,-0.958671,
-38.111412,-3.807586,-0.963626,
-37.990402,-3.966767,-0.896416,
-37.872160,-4.128029,-0.909845,
-37.752546,-4.288264,-0.945420,
-37.633035,-4.448622,-0.934065,
-37.519655,-4.613297,-0.984243,
-37.404531,-4.776834,-0.953075,
-37.290480,-4.941123,-0.971607,
-37.172861,-5.102854,-0.982296,
-37.061057,-5.268684,-0.979342,
-36.951098,-5.435739,-1.001459,
-36.849231,-5.607807,-1.048111,
-36.744603,-5.778152,-1.015973,
-36.643635,-5.950778,-1.021339,
-36.538817,-6.121033,-1.055032,
-36.437909,-6.293657,-0.996577,
-36.336038,-6.465651,-1.067214,
-36.240192,-6.641188,-1.075358,
-36.148294,-6.818806,-1.115119,
-36.060249,-6.998363,-1.102831,
-35.971962,-7.177760,-1.080163,
-35.880799,-7.355758,-1.116417,
-35.792381,-7.535149,-1.107355,
-35.701631,-7.713371,-1.091441,
-35.611879,-7.892090,-1.124038,
-35.524815,-8.072081,-1.157271,
-35.418803,-8.241350,-0.972333,
-35.300993,-8.402888,-1.003366,
-35.179128,-8.561270,-0.909248,
-35.043207,-8.707809,-0.785398,
-34.897823,-8.844870,-0.661191,
-34.731831,-8.956386,-0.594825,
-34.559206,-9.055886,-0.335570,
-34.367171,-9.111093,-0.322219,
-34.172447,-9.148706,0.000000,
-33.972448,-9.148691,0.038089,
-33.775799,-9.115542,0.129042,
-33.581318,-9.069366,0.232104,
-33.387787,-9.019022,0.272911,
-33.194780,-8.966876,0.245367,
-33.004161,-8.906456,0.306536,
-32.811894,-8.851474,0.257638,
-32.618670,-8.799943,0.245197,
-32.424966,-8.750179,0.270102,
-32.230753,-8.702519,0.243076,
-32.037624,-8.650622,0.272455,
-31.845590,-8.594746,0.282729,
-31.651958,-8.544851,0.230563,
-31.458278,-8.495030,0.244680,
-31.265779,-8.441102,0.302326,
-31.073508,-8.386131,0.252993,
-30.879842,-8.336236,0.238959,
-30.686060,-8.287130,0.322219,
-30.494580,-8.229481,0.265319,
-30.301386,-8.177767,0.288761,
-30.107731,-8.127902,0.248412,
-29.913692,-8.079552,0.227010,
-29.722025,-8.022900,0.303493,
-29.528996,-7.970667,0.241909,
-29.335175,-7.921364,0.236442,
-29.142285,-7.869016,0.321823,
-28.950657,-7.811900,0.259764,
-28.757171,-7.761286,0.262037,
-28.562646,-7.714850,0.269085,
-28.368604,-7.666485,0.232817,
-28.177631,-7.607344,0.268450,
-27.984520,-7.555309,0.257858,
-27.790904,-7.505305,0.238947,
-27.597186,-7.455677,0.247471,
-27.404788,-7.401116,0.290697,
-27.212380,-7.346662,0.229729,
-27.018156,-7.299027,0.258472,
-26.824280,-7.249984,0.271803,
-26.633385,-7.190457,0.275844,
-26.439880,-7.139944,0.263174,
-26.245840,-7.091559,0.228509,
-26.052246,-7.041544,0.258518,
-25.860194,-6.985773,0.292051,
-25.667673,-6.931851,0.244331,
-25.474111,-6.881574,0.234957,
-25.280892,-6.830457,0.321507,
-25.089206,-6.773535,0.249874,
-24.895286,-6.724603,0.253158,
-24.700943,-6.677438,0.261734,
-24.507232,-6.627710,0.239711,
-24.315985,-6.569471,0.306969,
-24.122871,-6.517515,0.243373,
-23.929061,-6.468196,0.238959,
-23.736436,-6.414959,0.301213,
-23.544048,-6.360395,0.261382,
-23.350897,-6.308583,0.240176,
-23.156996,-6.259587,0.265422,
-22.962833,-6.211720,0.250312,
-22.771810,-6.152629,0.278782,
-22.578186,-6.102602,0.241909,
-22.384154,-6.054152,0.230665,
-22.192414,-5.997753,0.311200,
-22.000020,-5.943216,0.262117,
-21.806394,-5.893166,0.238784,
-21.612276,-5.845150,0.237383,
-21.418465,-5.796107,0.315294,
-21.227024,-5.738339,0.262347,
-21.033706,-5.687077,0.257688,
-20.840088,-5.637076,0.254864,
-20.648628,-5.579379,0.276205,
-20.455238,-5.528417,0.249274,
-20.261447,-5.478998,0.228085,
-20.067384,-5.430735,0.236566,
-19.874356,-5.378852,0.321823,
-19.682808,-5.321482,0.259662,
-19.489382,-5.270653,0.266472,
-19.295233,-5.222786,0.308948,
-19.103952,-5.164469,0.260523,
-18.910576,-5.113426,0.255298,
-18.716820,-5.063993,0.248207,
-18.523152,-5.014129,0.235357,
-18.330830,-4.959637,0.292369,
-18.138372,-4.905305,0.250711,
-17.944450,-4.856388,0.248016,
-17.750334,-4.808363,0.253189,
-17.556415,-4.759491,0.278949,
-17.365514,-4.699986,0.273145,
-17.172077,-4.649205,0.246692,
-16.978173,-4.600289,0.234261,
-16.786446,-4.543727,0.285787,
-16.593383,-4.491563,0.254670,
-16.399899,-4.441031,0.242394,
-16.206289,-4.390916,0.234823,
-16.012856,-4.340500,0.300176,
-15.820993,-4.284082,0.271735,
-15.627296,-4.234302,0.255043,
-15.432953,-4.187125,0.225432,
-15.242081,-4.127554,0.276831,
-15.049010,-4.075403,0.250876,
-14.855367,-4.025456,0.234954,
-14.661354,-3.976991,0.235383,
-14.468747,-3.923701,0.301268,
-14.276307,-3.869332,0.258413,
-14.083032,-3.817956,0.240176,
-13.889455,-3.767815,0.303368,
-13.697949,-3.710275,0.259159,
-13.504446,-3.659719,0.258750,
-13.310316,-3.611691,0.225432,
-13.116246,-3.563431,0.230767,
-12.924389,-3.507453,0.311152,
-12.732068,-3.452672,0.262767,
-12.538573,-3.402129,0.237756,
-12.345568,-3.350268,0.300522,
-12.153365,-3.295070,0.259114,
-11.959939,-3.244225,0.271667,
-11.765817,-3.196178,0.246381,
-11.572121,-3.146448,0.260253,
-11.380624,-3.088876,0.271943,
-11.187245,-3.037869,0.249207,
-10.993503,-2.988262,0.228085,
-10.800143,-2.937449,0.279956,
-10.607168,-2.885138,0.245678,
-10.414746,-2.830721,0.262245,
-10.221421,-2.779499,0.267563,
-10.027217,-2.731791,0.319248,
-9.836050,-2.673116,0.257468,
-9.642531,-2.622614,0.254834,
-9.448828,-2.572913,0.235557,
-9.256156,-2.519440,0.285317,
-9.063059,-2.467570,0.270505,
-8.870173,-2.414718,0.250673,
-8.676309,-2.365578,0.243667,
-8.482554,-2.316377,0.321601,
-8.291384,-2.257750,0.273687,
-8.098098,-2.206399,0.278291,
-7.904163,-2.157580,0.239916,
-7.711538,-2.103805,0.281797,
-7.518255,-2.052624,0.281537,
-7.325125,-2.000707,0.252165,
-7.131591,-1.950334,0.242518,
-6.939082,-1.896454,0.304584,
-6.746813,-1.841484,0.261816,
-6.553403,-1.790577,0.246346,
-6.359002,-1.743639,0.260432,
-6.164703,-1.696293,0.225432,
-5.973802,-1.636883,0.275762,
-5.780851,-1.584277,0.253482,
-5.587254,-1.534162,0.236726,
-5.395280,-1.478529,0.284248,
-5.202362,-1.425844,0.253143,
-5.008810,-1.375507,0.231527,
-4.814755,-1.327228,0.240176,
-4.621105,-1.277335,0.303368,
-4.429623,-1.219722,0.259067,
-4.236140,-1.169091,0.262615,
-4.042063,-1.120858,0.225432,
-3.849329,-1.067587,0.276335,
-3.656034,-1.016497,0.300142,
-3.463738,-0.961580,0.265995,
-3.270368,-0.910566,0.233134,
-3.077261,-0.859117,0.321601,
-2.885040,-0.803991,0.256954,
-2.691511,-0.753531,0.266365,
-2.497446,-0.705252,0.255205,
-2.305641,-0.648651,0.294486,
-2.112193,-0.598017,0.271331,
-1.919031,-0.546199,0.241216,
-1.725080,-0.497415,0.228085,
-1.532579,-0.443880,0.306350,
-1.340371,-0.388731,0.257842,
-1.147057,-0.337513,0.245292,
-0.953350,-0.287799,0.275625,
-0.761026,-0.232928,0.282503,
-0.567581,-0.182364,0.256954,
-0.374061,-0.131870,0.258687,
-0.180368,-0.082105,0.235659,
0.011365,-0.025598,0.277326,
0.204240,0.027286,0.255085,
0.397738,0.077841,0.244341,
0.591864,0.125824,0.272911,
0.784412,0.179758,0.220430,
0.977122,0.233032,0.273755,
1.170358,0.284587,0.273311,
1.364119,0.334065,0.244165,
1.555140,0.393131,0.286650,
1.748590,0.443780,0.241909,
1.942706,0.491863,0.228085,
2.135508,0.544681,0.292249,
2.328694,0.596201,0.220430,
2.521573,0.649054,0.261724,
2.714881,0.700343,0.265492,
2.909106,0.747891,0.291864,
3.100452,0.805997,0.263705,
3.293931,0.856633,0.246289,
3.487311,0.907564,0.248002,
3.679958,0.961218,0.287174,
3.872940,1.013538,0.265703,
4.065823,1.066315,0.249874,
4.259712,1.115342,0.231651,
4.453457,1.164670,0.303368,
4.645523,1.220367,0.233325,
4.838881,1.271358,0.270077,
5.032362,1.321959,0.242504,
5.225022,1.375607,0.295331,
5.418248,1.426932,0.285108,
5.611136,1.479764,0.258834,
5.804483,1.530810,0.249128,
5.996705,1.585749,0.301668,
6.189188,1.639959,0.257404,
6.382709,1.690446,0.262631,
6.577087,1.737460,0.286167,
6.769209,1.793025,0.265108,
6.962249,1.845114,0.283052,
7.155412,1.896896,0.248561,
7.349401,1.945503,0.228085,
7.541525,2.000621,0.291810,
7.734326,2.053723,0.253904,
7.927843,2.104129,0.242484,
8.121024,2.155709,0.293638,
8.313388,2.210293,0.238676,
8.506561,2.261997,0.254782,
8.700212,2.311986,0.253559,
8.894493,2.359387,0.253201,
9.085618,2.418070,0.281989,
9.278654,2.470318,0.248835,
9.472352,2.520089,0.237839,
9.665907,2.570357,0.272911,
9.858846,2.622760,0.243205,
10.051739,2.675526,0.263465,
10.244804,2.727625,0.291353,
10.436818,2.783513,0.239244,
10.629876,2.835560,0.262809,
10.823203,2.886787,0.254632,
11.017326,2.934813,0.228085,
11.211475,2.982782,0.229729,
11.404624,3.034410,0.286103,
11.597357,3.087589,0.245678,
11.789978,3.141339,0.254528,
11.983631,3.191302,0.261642,
12.178138,3.237830,0.271558,
12.370543,3.292410,0.292777,
12.563248,3.345646,0.270606,
12.756196,3.398283,0.259175,
12.949799,3.448358,0.229943,
13.143236,3.498994,0.272911,
13.336362,3.550807,0.245367,
13.529072,3.604260,0.251475,
13.722747,3.654140,0.259044,
13.916620,3.703228,0.263457,
14.108926,3.758129,0.298351,
14.302268,3.809054,0.281753,
14.495481,3.860692,0.247010,
14.689183,3.910409,0.237254,
14.881141,3.965946,0.300731,
15.073487,4.020652,0.262138,
15.265510,4.076380,0.301736,
15.457979,4.130643,0.257312,
15.650357,4.185006,0.321507,
15.840114,4.248190,0.321413,
16.029870,4.311377,0.321507,
16.216420,4.383172,0.396292,
16.402420,4.456564,0.356793,
16.587019,4.533432,0.429581,
16.772037,4.609008,0.425075,
16.952039,4.696073,0.486052,
17.130211,4.786896,0.474533,
17.309683,4.875147,0.466787,
17.487712,4.966278,0.478005,
17.666684,5.055525,0.444287,
17.846336,5.143317,0.435842,
18.025013,5.233113,0.474896,
18.203869,5.322594,0.451331,
18.382481,5.412567,0.476007,
18.560712,5.503303,0.472346,
18.740143,5.591584,0.482848,
18.912065,5.693493,0.509331,
19.087299,5.789890,0.499654,
19.264173,5.883221,0.476557,
19.442902,5.972961,0.444301,
19.619761,6.065979,0.583909,
19.793030,6.165727,0.515741,
19.968107,6.262392,0.490438,
20.139763,6.364731,0.514875,
20.313617,6.463597,0.514875,
20.483397,6.569238,0.522758,
20.655450,6.671107,0.594825,
20.826464,6.774647,0.540433,
20.995591,6.881381,0.562806,
21.163321,6.990284,0.594825,
21.329770,7.101163,0.581326,
21.495956,7.212435,0.589080,
21.662630,7.322977,0.585718,
21.829215,7.433650,0.583295,
21.994334,7.546477,0.617631,
22.157597,7.661997,0.611705,
22.320224,7.778284,0.676336,
22.480873,7.897332,0.656003,
22.641267,8.016624,0.654552,
22.793990,8.145733,0.692814,
22.951877,8.268119,0.785398,
23.093298,8.409540,0.785398,
23.234720,8.550961,0.785398,
23.371295,8.696724,0.974991,
23.494762,8.853700,0.939595,
23.606922,9.019271,0.993719,
23.707706,9.191917,1.097068,
23.788343,9.374759,1.210322,
23.860487,9.561135,1.146551,
23.899410,9.756191,1.271818,
23.908341,9.955461,1.570796,
23.908035,10.155454,1.615940,
23.878304,10.352458,1.640522,
23.846586,10.549676,1.810424,
23.797230,10.743347,1.892957,
23.739232,10.934700,1.838339,
23.686578,11.127626,1.873652,
23.623676,11.317473,1.892843,
23.566332,11.509043,1.831500,
23.514277,11.702126,1.892397,
23.451087,11.891881,1.892210,
23.392869,12.083188,1.820671,
23.343602,12.277021,1.829095,
23.280566,12.466822,1.892210,
23.221809,12.657959,1.846437,
23.171703,12.851572,1.839890,
23.111936,13.042392,1.849714,
23.060100,13.235549,1.852627,
23.001603,13.426791,1.864718,
22.950227,13.620072,1.817837,
22.892408,13.811480,1.859698,
22.840389,14.004586,1.827559,
22.782872,14.196061,1.858830,
22.729869,14.388894,1.827696,
22.672333,14.580335,1.880704,
22.612587,14.771199,1.866558,
22.560613,14.964259,1.842574,
22.499384,15.154631,1.877237,
22.446578,15.347511,1.820885,
22.391737,15.539773,1.870972,
22.336822,15.732068,1.822962,
22.283393,15.924700,1.892303,
22.226366,16.116354,1.828654,
22.173901,16.309304,1.892397,
22.113024,16.499807,1.872876,
22.057389,16.691864,1.800990,
21.999996,16.883315,1.892229,
21.937334,17.073242,1.876619,
21.881280,17.265194,1.832647,
21.828400,17.458017,1.893015,
21.765133,17.647746,1.892519,
21.702465,17.837670,1.877052,
21.647141,18.029831,1.828776,
21.594216,18.222628,1.892397,
21.530936,18.412354,1.892843,
21.467635,18.602072,1.892843,
21.411572,18.794016,1.832443,
21.357070,18.986406,1.892397,
21.294152,19.176249,1.878938,
21.238954,19.368446,1.829401,
21.185251,19.561041,1.870972,
21.129066,19.752970,1.840503,
21.077645,19.946205,1.892397,
21.018961,20.137358,1.844063,
20.968551,20.330891,1.844493,
20.919036,20.524654,1.812750,
20.860968,20.716011,1.862279,
20.808955,20.909118,1.819407,
20.759833,21.102967,1.802001,
20.704550,21.294981,1.892247,
20.641367,21.484739,1.892210,
20.578185,21.674497,1.892210,
20.515004,21.864255,1.892210,
20.451822,22.054013,1.892210,
20.379907,22.240461,1.893015,
20.299410,22.423169,2.048180,
20.210721,22.602407,2.013506,
20.121598,22.781426,2.036281,
20.030520,22.959481,2.039926,
19.928850,23.131449,2.141509,
19.817643,23.297676,2.166916,
19.703191,23.461668,2.218889,
19.582969,23.621428,2.155879,
19.448795,23.769168,2.356194,
19.307374,23.910590,2.356194,
19.165953,24.052011,2.356194,
19.024531,24.193432,2.356194,
18.883110,24.334854,2.356194,
18.734208,24.467587,2.560588,
18.572837,24.585392,2.555770,
18.405968,24.695639,2.555278,
18.239329,24.806234,2.554225,
18.064457,24.902809,2.698997,
17.885782,24.992593,2.693975,
17.706630,25.081492,2.675605,
17.525244,25.165228,2.819992,
17.338840,25.237238,2.820179,
17.149082,25.300419,2.820179,
16.959324,25.363601,2.820179,
16.768493,25.423084,2.916160,
16.574293,25.470849,2.889172,
16.377977,25.508551,2.904185,
16.181962,25.547518,2.935330,
15.985179,25.580874,3.042683,
15.786008,25.599006,3.048788,
15.588929,25.627068,3.138113,
15.388929,25.627263,3.141593,
15.188929,25.627263,3.141593,
14.988929,25.627263,3.141593,
14.788929,25.627263,3.141593,
14.588929,25.627263,3.141593,
14.388929,25.627263,3.141593,
14.188929,25.627263,3.141593,
13.988929,25.627263,3.141593,
13.788934,25.626811,-3.117996,
13.592107,25.594839,-3.052362,
13.392695,25.579626,-3.072458,
13.192934,25.570081,-3.107441,
12.992948,25.569303,3.141593,
12.792948,25.569303,3.141593,
12.592948,25.569303,3.141593,
12.392948,25.569303,3.141593,
12.192948,25.569192,-3.136064,
11.994088,25.550891,-2.993261,
11.795798,25.524947,-3.047624,
11.596336,25.511343,3.141593,
11.396336,25.511343,3.141593,
11.196336,25.511343,3.141593,
10.996336,25.511343,3.141593,
10.796336,25.511343,3.141593,
10.596336,25.511343,3.141593,
10.396336,25.511343,3.141593,
10.196336,25.511343,3.141593,
9.996336,25.511343,3.141593,
9.796336,25.511343,3.141593,
9.596336,25.511343,3.141593,
9.396336,25.511343,3.141593,
9.196973,25.497739,-3.032039,
8.998600,25.472314,-3.005162,
8.799598,25.453792,-3.104016,
8.599606,25.453383,3.141593,
8.399606,25.453383,3.141593,
8.199606,25.453383,3.141593,
7.999606,25.453383,3.141593,
7.799606,25.453383,3.141593,
7.599606,25.453383,3.141593,
7.399606,25.453383,3.141593,
7.199606,25.453383,3.141593,
6.999606,25.453383,3.141593,
6.799606,25.453383,3.141593,
6.600107,25.444496,-3.016431,
6.402142,25.416075,-3.005212,
6.203089,25.397375,-3.085618,
6.003143,25.395423,3.141593,
5.803143,25.395423,3.141593,
5.603143,25.395423,3.141593,
5.403143,25.395423,3.141593,
5.203143,25.395423,3.141593,
5.003143,25.395423,3.141593,
4.803143,25.395423,3.141593,
4.603143,25.395423,3.141593,
4.403144,25.395231,-3.136160,
4.203782,25.383008,-3.001596,
4.005762,25.354955,-3.031501,
3.806587,25.337583,-3.139596,
3.606587,25.337463,3.141593,
3.406587,25.337463,3.141593,
3.206587,25.337463,3.141593,
3.006587,25.337463,3.141593,
2.806587,25.337463,3.141593,
2.606587,25.337463,3.141593,
2.406587,25.337463,3.141593,
2.206587,25.337463,3.141593,
2.006588,25.337234,-3.132696,
1.808288,25.312337,-2.990930,
1.609667,25.289147,-3.051849,
1.410006,25.279503,3.141593,
1.210006,25.279503,3.141593,
1.010006,25.279503,3.141593,
0.810006,25.279503,3.141593,
0.610006,25.279503,3.141593,
0.410006,25.279503,3.141593,
0.210006,25.279503,3.141593,
0.010006,25.279503,3.141593,
-0.189994,25.279503,3.141593,
-0.389982,25.278874,-3.105730,
-0.588218,25.253002,-3.005119,
-0.786739,25.228960,-3.039210,
-0.986478,25.221543,3.141593,
-1.186478,25.221543,3.141593,
-1.386478,25.221543,3.141593,
-1.586478,25.221543,3.141593,
-1.786478,25.221543,3.141593,
-1.986478,25.221543,3.141593,
-2.186478,25.221543,3.141593,
-2.386478,25.221543,3.141593,
-2.586478,25.221543,3.141593,
-2.786473,25.220657,-3.126550,
-2.985195,25.200288,-2.998541,
-3.183471,25.174285,-3.035125,
-3.383025,25.163583,3.141593,
-3.583025,25.163583,3.141593,
-3.783025,25.163583,3.141593,
-3.983025,25.163583,3.141593,
-4.183025,25.163583,3.141593,
-4.383025,25.163583,3.141593,
-4.583025,25.163583,3.141593,
-4.783025,25.163583,3.141593,
-4.983025,25.163583,3.141593,
-5.183025,25.163583,3.141593,
-5.383025,25.163583,3.141593,
-5.583025,25.163583,3.141593,
-5.783024,25.163292,-3.128873,
-5.982804,25.154811,-3.079080,
-6.182398,25.142121,-3.090038,
-6.382209,25.133592,-3.096512,
-6.580951,25.112570,-3.029892,
-6.780686,25.105623,3.141593,
-6.980686,25.105623,3.141593,
-7.180686,25.105623,3.141593,
-7.380686,25.105623,3.141593,
-7.580686,25.105623,3.141593,
-7.780686,25.105623,3.141593,
-7.980686,25.105623,3.141593,
-8.180686,25.105623,3.141593,
-8.380686,25.105623,3.141593,
-8.580686,25.105623,3.141593,
-8.780686,25.105623,3.141593,
-8.980686,25.105623,3.141593,
-9.180686,25.105623,3.141593,
-9.380686,25.105623,3.141593,
-9.580686,25.105623,3.141593,
-9.780686,25.105623,3.141593,
-9.980686,25.105623,3.141593,
-10.180686,25.105623,3.141593,
-10.380686,25.105736,3.128842,
-10.579889,25.120765,2.992606,
-10.778820,25.140733,3.066320,
-10.978328,25.154740,3.077690,
-11.178069,25.163583,3.141593,
-11.378069,25.163583,3.141593,
-11.578069,25.163583,3.141593,
-11.778069,25.163583,3.141593,
-11.978069,25.163583,3.141593,
-12.178069,25.163583,3.141593,
-12.378069,25.163583,3.141593,
-12.578069,25.163583,3.141593,
-12.778069,25.163583,3.141593,
-12.978069,25.163583,3.141593,
-13.178069,25.163583,3.141593,
-13.378069,25.163583,3.141593,
-13.578069,25.163583,3.141593,
-13.778069,25.163583,3.141593,
-13.978069,25.163583,3.141593,
-14.178069,25.163583,3.141593,
-14.378069,25.163565,-3.141319,
-14.578037,25.162565,-3.064789,
-14.774881,25.129735,-3.031590,
-14.974199,25.113545,-3.085389,
-15.174011,25.105623,3.141593,
-15.374011,25.105623,3.141593,
-15.574011,25.105623,3.141593,
-15.774011,25.105623,3.141593,
-15.974011,25.105623,3.141593,
-16.171265,25.077017,-3.023175,
-16.370303,25.057704,-3.057219,
-16.570055,25.048024,-3.106520,
-16.770048,25.047663,3.141593,
-16.970048,25.047663,3.141593,
-17.170048,25.047663,3.141593,
-17.367464,25.022846,-2.966144,
-17.566371,25.002590,-3.061893,
-17.766032,24.991331,-3.106539,
-17.966003,24.989703,3.141593,
-18.166003,24.989699,-3.141449,
-18.366003,24.989433,-3.139250,
-18.563016,24.959807,-3.033875,
-18.762206,24.942084,-3.064946,
-18.961953,24.932314,-3.106980,
-19.161943,24.931743,3.141593,
-19.361943,24.931743,3.141593,
-19.559517,24.908430,-2.964541,
-19.758315,24.887306,-3.061227,
-19.957955,24.875684,-3.106573,
-20.157921,24.873783,3.141593,
-20.357806,24.871262,-3.012188,
-20.554698,24.840034,-3.076908,
-20.754230,24.826374,-3.071005,
-20.953948,24.815918,-3.100493,
-21.151038,24.786574,-3.067737,
-21.350611,24.773680,-3.063910,
-21.549948,24.757588,-3.028921,
-21.746661,24.724716,-3.065513,
-21.945954,24.707974,-3.040091,
-22.142692,24.674695,-3.005979,
-22.341262,24.651515,-2.986431,
-22.537421,24.613318,-3.032713,
-22.735324,24.585039,-2.926199,
-22.931560,24.546888,-2.985313,
-23.127367,24.506563,-2.924893,
-23.323324,24.467211,-2.896837,
-23.517945,24.421283,-2.869058,
-23.712292,24.374161,-2.898900,
-23.906556,24.326661,-2.913508,
-24.100364,24.277438,-2.857520,
-24.293100,24.224072,-2.886517,
-24.485326,24.169222,-2.819769,
-24.675046,24.105926,-2.819546,
-24.864764,24.042624,-2.819546,
-25.054489,23.979345,-2.819992,
-25.240471,23.905948,-2.746374,
-25.426460,23.832611,-2.735557,
-25.610991,23.755529,-2.764782,
-25.793739,23.674891,-2.674090,
-25.973072,23.586368,-2.696794,
-26.152288,23.497673,-2.698028,
-26.331075,23.408082,-2.668594,
-26.510289,23.319339,-2.695178,
-26.688244,23.228095,-2.650130,
-26.858226,23.122888,-2.607541,
-27.029165,23.019116,-2.582570,
-27.198137,22.912126,-2.566861,
-27.364277,22.800784,-2.550958,
-27.530125,22.689027,-2.531540,
-27.690672,22.569785,-2.498013,
-27.854230,22.454789,-2.547818,
-28.017360,22.339161,-2.482597,
-28.176804,22.218486,-2.539608,
-28.335497,22.096986,-2.409046,
-28.492927,21.973920,-2.475687,
-28.649239,21.849172,-2.510249,
-28.809649,21.729759,-2.479154,
-28.969846,21.610228,-2.447908,
-29.122533,21.481066,-2.450893,
-29.281080,21.359416,-2.444078,
-29.434187,21.230754,-2.456688,
-29.589620,21.105502,-2.356194,
-29.734005,20.967208,-2.429113,
-29.885840,20.837147,-2.391631,
-30.027809,20.696293,-2.356194,
-30.169051,20.554693,-2.350846,
-30.300544,20.404134,-2.249943,
-30.437044,20.258078,-2.356194,
-30.575009,20.113508,-2.237330,
-30.697466,19.955535,-2.279104,
-30.823850,19.800683,-2.145795,
-30.936425,19.635398,-2.204652,
-31.055634,19.474809,-2.207773,
-31.170275,19.310953,-2.166059,
-31.286748,19.148414,-2.213648,
-31.404283,18.986626,-2.174458,
-31.517939,18.822076,-2.207735,
-31.637227,18.661546,-2.205207,
-31.755171,18.500083,-2.236302,
-31.875249,18.340198,-2.176946,
-31.996131,18.180895,-2.217390,
-32.117169,18.021814,-2.266689,
-32.247461,17.870087,-2.273319,
-32.369984,17.712278,-2.277338,
-32.503957,17.563784,-2.304708,
-32.643828,17.420882,-2.373023,
-32.790593,17.285057,-2.406422,
-32.943746,17.156783,-2.557039,
-33.101755,17.034289,-2.459506,
-33.257622,16.908975,-2.473484,
-33.420606,16.793236,-2.571799,
-33.591420,16.689289,-2.623301,
-33.766504,16.592672,-2.656582,
-33.944710,16.501978,-2.709506,
-34.126477,16.418547,-2.708980,
-34.310408,16.340296,-2.758413,
-34.494789,16.262845,-2.747726,
-34.681537,16.191402,-2.808138,
-34.871232,16.128038,-2.820179,
-35.061647,16.066884,-2.839812,
-35.253595,16.010811,-2.909696,
-35.446933,15.959812,-2.890581,
-35.641045,15.911669,-2.906896,
-35.836080,15.867536,-2.977878,
-36.033437,15.835208,-2.967471,
-36.229966,15.799445,-3.057319,
-36.429224,15.782241,-3.048373,
-36.626094,15.749981,-2.983287,
-36.825414,15.734453,-3.072890,
-37.025097,15.724134,-3.119402,
-37.225047,15.725442,3.118989,
-37.424493,15.740008,3.055051,
-37.621362,15.773017,2.997059,
-37.819872,15.797171,3.032933,
-38.017221,15.828631,2.927655,
-38.211774,15.874894,2.904200,
-38.405843,15.923213,2.911149,
-38.599367,15.973319,2.818931,
-38.788976,16.036947,2.806482,
-38.975626,16.108557,2.757476,
-39.162332,16.180216,2.780343,
-39.345179,16.261158,2.700561,
-39.526049,16.346390,2.666921,
-39.702312,16.440841,2.632037,
-39.873745,16.543709,2.550940,
-40.040117,16.654706,2.557180,
-40.206426,16.765756,2.508903,
-40.365467,16.886992,2.473202,
-40.524565,17.008151,2.508368,
-40.676021,17.138719,2.414129,
-40.823737,17.273538,2.384644,
-40.966024,17.414068,2.356194,
-41.107446,17.555489,2.356194,
-41.248867,17.696911,2.356194,
-41.386817,17.841687,2.314448,
-41.516621,17.993770,2.242380,
-41.636615,18.153734,2.210976,
-41.757113,18.313303,2.189380,
-41.876339,18.473866,2.213648,
-41.990025,18.638347,2.154455,
-42.097642,18.806859,2.093029,
-42.203703,18.976395,2.142040,
-42.308261,19.146828,2.088116,
-42.409402,19.319288,2.116337,
-42.509289,19.492536,2.075614,
-42.602641,19.669380,2.097567,
-42.705792,19.840641,2.090931,
-42.801863,20.016034,2.068016,
-42.893877,20.193587,2.058461,
-42.997421,20.364556,2.078471,
-43.092374,20.540557,2.047597,
-43.182967,20.718789,2.058511,
-43.287309,20.889269,2.082782,
-43.384142,21.064259,2.075981,
-43.486847,21.235769,2.088837,
-43.586650,21.409073,2.144249,
-43.692060,21.578992,2.091331,
-43.788738,21.754054,2.057892,
-43.890911,21.925862,2.093362,
-43.990625,22.099222,2.142515,
-44.095817,22.269234,2.091967,
-44.198222,22.440990,2.137626,
-44.299360,22.613485,2.090232,
-44.394729,22.789276,2.062476,
-44.499082,22.959774,2.091665,
-44.601232,23.131694,2.136551,
-44.703595,23.303468,2.094806,
-44.808527,23.473648,2.130907,
-44.906809,23.647809,2.058536,
-45.003099,23.823035,2.154705,
-45.105455,23.994781,2.095771,
-45.210572,24.164888,2.121744,
-45.308878,24.339036,2.079066,
-45.405290,24.514199,2.154705,
-45.506221,24.686747,2.066153,
-45.601250,24.862728,2.050597,
-45.696753,25.038273,2.164481,
-45.798909,25.210111,2.088057,
-45.893542,25.386292,2.065641,
-45.983264,25.565020,2.020730,
-46.083887,25.737563,2.127522,
-46.181750,25.911970,2.080352,
-46.273680,26.089542,2.010165,
-46.363871,26.268024,2.049598,
-46.459661,26.443311,2.165621,
-46.560130,26.616154,2.077234,
-46.654520,26.792465,2.062104,
-46.743567,26.971472,2.057465,
-46.835285,27.149180,2.059117,
-46.938779,27.320168,2.078471,
-47.033971,27.496047,2.052035,
-47.125078,27.674030,2.059517,
-47.229682,27.844408,2.092171,
-47.326106,28.019612,2.060686,
-47.419259,28.196570,2.095349,
-47.521808,28.368181,2.080159,
-47.616235,28.544460,2.055824,
-47.706485,28.722913,2.026801,
-47.796948,28.901280,2.045989,
-47.886987,29.079861,2.038640,
-47.973779,29.260012,1.997269,
-48.057117,29.441800,1.985417,
-48.131515,29.627360,1.959221,
-48.206212,29.812886,1.948358,
-48.272414,30.001574,1.892843,
-48.333894,30.191880,1.867782,
-48.386732,30.384736,1.815111,
-48.432880,30.579335,1.804208,
-48.477295,30.774326,1.820238,
-48.513076,30.970932,1.672923,
-48.535190,31.169694,1.721689,
-48.570786,31.366277,1.697757,
-48.586841,31.565613,1.643248,
-48.597877,31.765294,1.605739,
-48.599619,31.965263,1.570796,
-48.599619,32.165263,1.570796,
-48.593200,32.365121,1.516647,
-48.580291,32.564700,1.506773,
-48.561264,32.763538,1.275839,
-48.527427,32.960336,1.445882,
-48.497655,33.158056,1.368594,
-48.456070,33.353586,1.448107,
-48.412670,33.548632,1.310465,
-48.359856,33.741527,1.288924,
-48.297851,33.931657,1.251035,
-48.234529,34.121366,1.232936,
-48.165218,34.308958,1.206484,
-48.090307,34.494325,1.144940,
-48.004088,34.674770,1.108570,
-47.911127,34.851817,1.045782,
-47.807152,35.022613,1.042727,
-47.706598,35.195497,1.042501,
-47.591560,35.359003,0.922641,
-47.472527,35.519695,0.971713,
-47.346234,35.674594,0.848742,
-47.214104,35.824720,0.865169,
-47.085970,35.977649,0.802290,
-46.945469,36.119973,0.783203,
-46.802215,36.259527,0.765438,
-46.648306,36.386752,0.712871,
-46.498428,36.519172,0.719794,
-46.341084,36.642422,0.605596,
-46.180224,36.761247,0.633967,
-46.016475,36.876014,0.589048,
-45.849592,36.986238,0.579025,
-45.680944,37.093669,0.528859,
-45.506638,37.191699,0.495500,
-45.329350,37.284226,0.473241,
-45.149535,37.371745,0.431494,
-44.966284,37.451802,0.388622,
-44.780428,37.525509,0.406036,
-44.594676,37.599562,0.336204,
-44.404061,37.659972,0.284665,
-44.210674,37.710945,0.252165,
-44.016995,37.760735,0.231818,
-43.822002,37.805204,0.229937,
-43.624801,37.837003,0.104720,
-43.427019,37.865982,0.230315,
-43.229391,37.893576,0.073505,
-43.029865,37.907274,0.055532,
-42.830040,37.914783,0.000000,
-42.630040,37.914783,0.000000,
-42.430040,37.914783,0.000000,
-42.230061,37.913560,-0.035080,
-42.030356,37.902996,-0.073043,
-41.830974,37.887349,-0.129888,
-41.634159,37.854869,-0.077941,
-41.434677,37.840524,-0.076211,
-41.236026,37.819204,-0.226787,
-41.039094,37.785436,-0.118815,
-40.841201,37.757688,-0.225235,
-40.644612,37.721429,-0.114214,
-40.447364,37.689495,-0.244756,
-40.251162,37.653033,-0.049388,
-40.054676,37.616387,-0.159414,
-39.857308,37.584118,-0.176588,
-39.661961,37.541562,-0.168293,
-39.465975,37.502500,-0.207616,
-39.269331,37.466238,-0.211935,
-39.073909,37.424096,-0.153570,
-38.878009,37.384282,-0.225217,
-38.681113,37.349282,-0.183767,
-38.485714,37.307064,-0.122689,
-38.290223,37.265637,-0.223009,
-38.095391,37.220470,-0.231503,
-37.899945,37.179413,-0.211631,
-37.704289,37.138113,-0.183104,
-37.508046,37.099989,-0.230130,
-37.311799,37.062269,-0.233096,
-37.115997,37.021838,-0.166190,
-36.920248,36.981359,-0.244756,
-36.723865,36.943947,-0.212196,
-36.528044,36.903515,-0.160709,
-36.332057,36.864121,-0.237237,
-36.135798,36.826455,-0.233665,
-35.939769,36.787146,-0.165521,
-35.744288,36.745360,-0.220358,
-35.549391,36.700496,-0.239479,
-35.353108,36.662247,-0.180577,
-35.158230,36.617819,-0.164905,
-34.961948,36.579964,-0.231816,
-34.765621,36.542459,-0.189059,
-34.570031,36.500978,-0.158618,
-34.374226,36.460758,-0.240550,
-34.177832,36.423569,-0.221881,
-33.981259,36.387334,-0.118559,
-33.784189,36.354860,-0.234805,
-33.587266,36.321010,-0.097265,
-33.390758,36.284928,-0.159702,
-33.192172,36.261353,-0.150145,
-32.995551,36.227046,-0.102892,
-32.796455,36.208058,-0.091288,
-32.599772,36.175319,-0.048962,
-32.400191,36.162526,-0.075803,
-32.200800,36.147079,-0.103871,
-32.003857,36.118023,-0.007187,
-31.804167,36.107052,-0.072221,
-31.604669,36.092897,-0.068937,
-31.407891,36.060592,-0.097032,
-31.208287,36.048135,-0.073840,
-31.008792,36.033982,-0.091036,
-30.812051,36.001182,-0.114224,
-30.612715,35.984971,-0.081191,
-30.413558,35.967517,-0.164984,
-30.216932,35.932537,-0.108983,
-30.018104,35.911141,-0.130223,
-29.822159,35.871361,-0.175569,
-29.624695,35.841640,-0.212500,
-29.427083,35.811800,-0.112294,
-29.228866,35.786936,-0.232198,
-29.031783,35.753793,-0.129043,
-28.833361,35.730805,-0.264428,
-28.636268,35.698170,-0.112297,
-28.437683,35.675486,-0.208676,
-28.240102,35.654343,0.000000,
-28.040153,35.651367,-0.033945,
-27.840535,35.639225,-0.075061,
-27.641728,35.618277,-0.168170,
-27.444018,35.596383,0.000000,
-27.244018,35.596421,0.000747,
-27.044604,35.604905,0.181165,
-26.847455,35.635746,0.076848,
-26.647931,35.649364,0.055252,
-26.448035,35.654346,0.000281,
-26.248100,35.656227,0.122841,
-26.051272,35.688155,0.071743,
-25.851880,35.703704,0.074073,
-25.654454,35.731282,0.216311,
-25.456007,35.754631,0.095708,
-25.257572,35.778627,0.271870,
-25.060472,35.810822,0.099253,
-24.861394,35.829818,0.118287,
-24.664703,35.862883,0.083593,
-24.466108,35.886081,0.149904,
-24.269237,35.919138,0.098373,
-24.071430,35.947813,0.193395,
-23.874698,35.982373,0.119501,
-23.676600,36.009249,0.210278,
-23.479593,36.040919,0.185372,
-23.283993,36.082466,0.158806,
-23.088772,36.124667,0.229071,
-22.893851,36.169453,0.223284,
-22.699134,36.215023,0.250754,
-22.504879,36.262517,0.250354,
-22.311348,36.312781,0.293006,
-22.121446,36.375509,0.287548,
-21.929164,36.430490,0.303943,
-21.739172,36.492947,0.321413,
-21.550006,36.557807,0.356559,
-21.362864,36.628281,0.321957,
-21.174319,36.694745,0.405517,
-20.989781,36.771816,0.377087,
-20.804592,36.847159,0.417541,
-20.621442,36.927415,0.352759,
-20.438258,37.007398,0.443256,
-20.257843,37.093643,0.444261,
-20.075801,37.176424,0.416855,
-19.891160,37.252943,0.438749,
-19.711295,37.340362,0.471314,
-19.532870,37.430715,0.472762,
-19.354531,37.521232,0.459264,
-19.182206,37.622532,0.512856,
-19.006884,37.718746,0.481910,
-18.829009,37.810141,0.470851,
-18.658249,37.913974,0.519521,
-18.483538,38.011253,0.506672,
-18.312269,38.114387,0.560451,
-18.144366,38.223025,0.594825,
-17.977933,38.333929,0.581955,
-17.812108,38.445736,0.595667,
-17.647153,38.558820,0.605487,
-17.487766,38.679586,0.662853,
-17.326923,38.798387,0.661077,
-17.166674,38.917852,0.693685,
-17.014070,39.047110,0.691847,
-16.857014,39.170428,0.785398,
-16.710216,39.306211,0.709705,
-16.556113,39.433607,0.627708,
-16.405296,39.564290,0.784011,
-16.263823,39.705659,0.785398,
-16.122401,39.847081,0.785398,
-15.980980,39.988502,0.785398,
-15.839559,40.129923,0.785398,
-15.698137,40.271345,0.785398,
-15.556716,40.412766,0.785398,
-15.423954,40.561632,0.915388,
-15.296103,40.715340,0.846168,
-15.161696,40.863430,0.815095,
-15.026567,41.010577,0.924501,
-14.902723,41.167507,0.866386,
-14.769260,41.316421,0.853761,
-14.647350,41.474686,0.881851,
-14.520007,41.628857,0.926194,
-14.398012,41.787240,0.877422,
-14.270620,41.941308,0.954690,
-14.150748,42.101323,0.923807,
-14.032124,42.262293,0.904894,
-13.912502,42.422503,0.973834,
-13.790402,42.580870,0.907582,
-13.675394,42.744438,0.998658,
-13.558906,42.906965,0.932602,
-13.441698,43.069004,0.956611,
-13.330669,43.235339,0.988746,
-13.220296,43.402121,0.977929,
-13.108713,43.568094,0.996065,
-13.002733,43.737702,1.010122,
-12.902933,43.910964,1.071714,
-12.802477,44.083874,1.009263,
-12.704406,44.257728,1.098268,
-12.614797,44.436509,1.089003,
-12.525154,44.615259,1.100600,
-12.441859,44.796964,1.227102,
-12.366103,44.982010,1.190548,
-12.292804,45.168055,1.146551,
-12.233900,45.358606,1.275465,
-12.180835,45.551407,1.391656,
-12.147158,45.747860,1.449261,
-12.142779,45.947626,1.570796,
-12.142779,46.147626,1.570796,
-12.171723,46.344587,1.693485,
-12.225715,46.536634,1.892397,
-12.297205,46.723152,2.037607,
-12.395311,46.897316,2.134321,
-12.498373,47.068515,2.150518,
-12.633525,47.215449,2.356194,
-12.774947,47.356870,2.356194,
-12.926591,47.485679,2.647098,
-13.099400,47.586019,2.692534,
-13.278994,47.674025,2.685419,
-13.462845,47.751917,2.819992,
-13.652975,47.813928,2.847386,
-13.847138,47.861705,2.921163,
-14.043247,47.900478,2.981699,
-14.240052,47.933523,2.933974,
-14.439385,47.941863,3.141593,
-14.639385,47.941863,3.141593,
-14.839363,47.943086,3.106835,
-15.038822,47.956900,3.027865,
-15.236928,47.983958,2.981289,
-15.435695,47.999823,3.141593,
-15.635695,47.999823,3.141593,
-15.835695,47.999823,3.141593,
-16.035695,47.999823,3.141593,
-16.235694,47.999859,3.107489,
-16.435484,48.008806,3.087518,
-16.634959,48.023194,3.055727,
-16.831821,48.055431,3.005095,
-17.031716,48.057783,3.141593,
-17.231716,48.057783,3.141593,
-17.431716,48.057783,3.141593,
-17.631554,48.064897,3.086892,
-17.831102,48.078273,3.071747,
-18.028432,48.106215,2.951489,
-18.227735,48.115728,3.140450,
-18.427735,48.115743,3.141593,
-18.627735,48.115743,3.141593,
-18.827697,48.117928,3.106775,
-19.027324,48.129792,3.061695,
-19.226076,48.151257,2.964976,
-19.423746,48.173703,3.141593,
-19.623746,48.173703,3.141593,
-19.823746,48.173703,3.141593,
-20.023692,48.176872,3.107435,
-20.223326,48.188867,3.072432,
-20.422848,48.202628,3.061050,
-20.619848,48.231663,3.141593,
-20.819848,48.231663,3.141593,
-21.019848,48.231663,3.141593,
-21.219848,48.231663,3.141593,
-21.419745,48.236605,3.086465,
-21.619308,48.249707,3.068640,
-21.816892,48.277603,2.842536,
-22.015818,48.289570,3.140669,
-22.215818,48.289623,3.141593,
-22.415818,48.289623,3.141593,
-22.615818,48.289623,3.141593,
-22.815671,48.296209,3.087281,
-23.015112,48.310930,3.028496,
-23.212246,48.342857,2.983188,
-23.411962,48.347583,3.141593,
-23.611962,48.347583,3.141593,
-23.811962,48.347583,3.141593,
-24.011962,48.347583,3.141593,
-24.211962,48.347583,3.141593,
-24.411771,48.355841,3.087802,
-24.610935,48.373736,3.024348,
-24.807989,48.405491,3.085269,
-25.007988,48.405543,3.141593,
-25.207988,48.405543,3.141593,
-25.407988,48.405543,3.141593,
-25.607988,48.405543,3.141593,
-25.807974,48.406347,3.106668,
-26.007696,48.416529,3.059109,
-26.206742,48.435759,3.025774,
-26.404026,48.463503,3.141593,
-26.604026,48.463503,3.141593,
-26.804026,48.463503,3.141593,
-27.004026,48.463503,3.141593,
-27.203931,48.468185,3.087117,
-27.403532,48.480713,3.072001,
-27.602068,48.503044,2.844616,
-27.799984,48.521463,3.141593,
-27.999984,48.521463,3.141593,
-28.199847,48.527690,3.087081,
-28.399421,48.540656,3.071942,
-28.598388,48.558881,2.857712,
-28.796058,48.579423,3.141593,
-28.996032,48.580941,3.106807,
-29.195726,48.591707,3.069404,
-29.395146,48.606824,3.023199,
-29.592016,48.637262,3.140757,
-29.791972,48.639824,3.105818,
-29.991608,48.651676,3.068957,
-30.190805,48.669131,3.012245,
-30.387996,48.695571,3.099481,
-30.587683,48.706565,3.068079,
-30.787080,48.722061,3.059061,
-30.983954,48.753568,3.093528,
-31.183557,48.765995,3.065054,
-31.382855,48.782524,3.018213,
-31.579688,48.814677,3.072294,
-31.779133,48.829544,3.062991,
-31.977695,48.851163,2.842536,
-32.175223,48.878127,3.067332,
-32.374609,48.893752,3.069449,
-32.571400,48.926009,3.015759,
-32.770544,48.944282,3.055275,
-32.968532,48.970091,2.924928,
-33.165971,49.000982,3.027138,
-33.364345,49.024597,2.842536,
-33.561758,49.052761,3.060081,
-33.760407,49.075651,2.953100,
-33.956729,49.113631,2.975183,
-34.155307,49.135983,2.947185,
-34.351933,49.171822,3.008179,
-34.550768,49.192734,2.986069,
-34.746891,49.231727,2.975936,
-34.944823,49.259088,2.926108,
-35.141435,49.295346,2.998425,
-35.338670,49.326795,2.919352,
-35.535890,49.359267,3.045073,
-35.732735,49.393472,2.940662,
-35.929844,49.427047,2.960894,
-36.126001,49.465418,2.986977,
-36.323513,49.496010,2.931706,
-36.519549,49.535183,2.996176,
-36.715737,49.573526,2.975589,
-36.913789,49.600769,2.957574,
-37.109429,49.641945,2.975361,
-37.305463,49.681144,2.900291,
-37.501808,49.718622,2.923081,
-37.697412,49.760125,2.961968,
-37.894853,49.790208,2.923900,
-38.091612,49.825812,2.982624,
-38.287032,49.867912,2.927803,
-38.483478,49.905083,2.930861,
-38.679593,49.943938,2.980883,
-38.875075,49.985828,2.902797,
-39.071378,50.023315,2.909402,
-39.268278,50.057268,3.044327,
-39.464574,50.094676,2.963585,
-39.661777,50.127770,2.922631,
-39.857576,50.168275,2.980570,
-40.053609,50.207472,2.909970,
-40.249904,50.244985,2.899922,
-40.445785,50.284939,2.971626,
-40.641270,50.326784,2.899400,
-40.837814,50.363356,2.922049,
-41.034031,50.401205,3.033645,
-41.230951,50.434570,2.946193,
-41.427982,50.468726,2.981244,
-41.623069,50.512592,2.930782,
-41.819442,50.550072,2.916772,
-42.015924,50.587096,2.960762,
-42.211175,50.630119,2.968365,
-42.407412,50.667979,2.933731,
-42.604125,50.703866,2.933383,
-42.799239,50.747584,2.983128,
-42.995474,50.785753,2.917221,
-43.192134,50.821619,2.913676,
-43.388532,50.858872,3.027201,
-43.585739,50.890453,2.898883,
-43.782102,50.928106,2.970167,
-43.977306,50.971348,2.943724,
-44.173797,51.008162,2.919246,
-44.370197,51.045570,2.980328,
-44.565513,51.088366,2.912333,
-44.761663,51.126489,2.898691,
-44.958290,51.162884,2.970152,
-45.153417,51.206542,2.944317,
-45.349814,51.243805,2.919791,
-45.546359,51.280496,2.954051,
-45.741534,51.323971,2.976613,
-45.937719,51.361970,2.939041,
-46.134468,51.397732,2.922490,
-46.329536,51.441717,2.944911,
-46.525838,51.479432,2.920333,
-46.723352,51.509273,2.965785,
-46.919350,51.548917,2.948074,
-47.116188,51.584010,2.929213,
-47.311818,51.624964,2.982786,
-47.507568,51.665677,2.961506,
-47.704275,51.701586,2.908867,
-47.900102,51.741312,2.958812,
-48.095698,51.782831,2.975402,
-48.292135,51.820039,2.896837,
-48.488058,51.859537,2.982786,
-48.683751,51.900586,2.962064,
-48.880269,51.937399,2.908386,
-49.076278,51.976262,2.958054,
-49.271917,52.017527,2.975402,
-49.468062,52.056139,2.896837,
-49.664296,52.094110,2.982786,
-49.859935,52.135477,2.962622,
-50.056257,52.173226,2.907905,
-50.252446,52.211237,2.957295,
-50.448133,52.252222,2.975402,
-50.643985,52.292239,2.896837,
-50.840391,52.329416,2.925208,
-51.036120,52.370349,2.963180,
-51.232237,52.409069,2.907424,
-51.428542,52.446532,2.903709,
-51.624346,52.486917,2.975402,
-51.819906,52.528338,2.896837,
-52.016438,52.564957,2.924642,
-52.212349,52.604935,2.980883,
-52.408218,52.644898,2.909409,
-52.604507,52.682421,2.903138,
-52.800549,52.721645,2.971281,
-52.995871,52.764223,2.942087,
-53.192477,52.800515,2.924076,
-53.388578,52.839501,2.980883,
-53.584200,52.880700,2.910010,
-53.781477,52.911523,2.945169,
-53.977231,52.952229,2.988891,
-54.173427,52.990513,2.969738,
-54.370809,53.022703,2.916492,
-54.566524,53.063630,2.969978,
-54.762631,53.102407,2.902618,
-54.958858,53.140479,2.943698,
-55.154576,53.181366,2.988256,
-55.350375,53.221564,2.902768,
-55.546864,53.258389,2.915910,
-55.742802,53.298159,2.993139,
-55.938875,53.337045,2.985772,
-56.136943,53.364530,3.001095,
-56.333040,53.402900,3.004618,
-56.531625,53.425995,2.975159,
-56.728876,53.454247,3.072294,
-56.928282,53.469626,3.057731,
-57.125266,53.500804,2.977350,
-57.324815,53.511108,3.081738,
-57.524351,53.524661,3.068842,
-57.722511,53.548803,2.866113,
-57.920745,53.569741,3.075939,
-58.120218,53.584217,3.073875,
-58.318786,53.604727,2.888653,
-58.516848,53.626077,3.081738,
-58.716398,53.639431,3.068787,
-58.915149,53.659820,2.900382,
-59.112581,53.687223,3.073329,
-59.312021,53.702168,3.070097,
-59.508944,53.734010,3.033913,
-59.708163,53.751462,3.059313,
-59.907638,53.765784,3.088927,
-60.104552,53.796224,3.087161,
-60.304179,53.808378,3.070544,
-60.503718,53.821931,3.057180,
-60.700583,53.853198,3.113404,
-60.900575,53.853783,3.141593,
-61.100575,53.853783,3.141593,
-61.300575,53.853783,3.141593,
-61.500575,53.853783,3.141593,
-61.700514,53.856340,3.077095,
-61.899160,53.878756,3.050625,
-62.099042,53.882763,3.141593,
-62.299042,53.882763,3.141593,
-62.499042,53.882763,3.141593,
-62.699042,53.882763,3.141593,
-62.899042,53.882763,3.141593,
-63.099042,53.882763,3.141593,
-63.299042,53.882763,3.141593,
-63.499042,53.882763,3.141593,
-63.699042,53.882763,3.141593,
-63.899042,53.882763,3.141593,
-64.099042,53.882763,3.141593,
-64.299042,53.882763,3.141593,
-64.499042,53.882763,3.141593,
-64.699042,53.882763,3.141593,
-64.899042,53.882763,3.141593,
-65.099042,53.882763,3.141593,
-65.299042,53.882763,3.141593,
-65.499042,53.882763,3.141593,
-65.699042,53.882763,3.141593,
-65.899042,53.882763,3.141593,
-66.098997,53.885531,3.109093,
-66.298674,53.896773,3.075407,
-66.498305,53.908840,3.094203,
-66.698266,53.911685,3.137292,
-66.898265,53.911743,3.141593,
-67.098265,53.911743,3.141593,
-67.298265,53.911743,3.141593,
-67.498265,53.911743,3.141593,
-67.698265,53.911743,3.141593,
-67.898265,53.911743,3.141593,
-68.098265,53.911743,3.141593,
-68.298265,53.911743,3.141593,
-68.497996,53.902684,-3.076841,
-68.697523,53.888946,-3.075209,
